<?xml version="1.0" encoding="US-ASCII"?>
<SoftwareAG_License>
<Component Id="SalesInfo">
<SerialNumber>0000888301</SerialNumber>
<LicenseKey>06D14EE9FDD090376A3B605F855B2688</LicenseKey>
<CustomerID>7522307</CustomerID>
<CustomerName>BANCOPPEL SA INSTITUCION DE BANCA MULTIPLE</CustomerName>
<ContractDetails>2094001</ContractDetails>
<ContractPosNumber>000840</ContractPosNumber>
<LicenseTypeDetails>External</LicenseTypeDetails>
<AutoCallHome/>
</Component>
<Component Id="ProductInfo">
<ExpirationDate>2025/12/30</ExpirationDate>
<OS>Linux</OS>
<ProductCode>NUMWI</ProductCode>
<ProductID/>
<ProductName>Universal Messaging for Integration A/P</ProductName>
<ProductVersion>10.5</ProductVersion>
<Usage>Production</Usage>
<RenewalDate/>
<HigherLevPosNr>000790</HigherLevPosNr>
<HigherLevProdCode>OBEM2</HigherLevProdCode>
<HigherLevProdName>Optimize Base Engine Bundle</HigherLevProdName>
</Component>
<Component Id="Universal Messaging">
<ProductCode>NUM</ProductCode>
<ProductVersion>10.5</ProductVersion>
<MixedChannels>yes</MixedChannels>
<ReliableChannels>yes</ReliableChannels>
<PersistentChannels>yes</PersistentChannels>
<JMSClients>yes</JMSClients>
<WebClients>no</WebClients>
<MobileClients>no</MobileClients>
<EnterpriseClients>yes</EnterpriseClients>
<Plugins>no</Plugins>
<DataGroups>no</DataGroups>
<Joins>yes</Joins>
<Clustering>no</Clustering>
<Scheduling>no</Scheduling>
<MessagingPriority>yes</MessagingPriority>
<HTTPSupport>no</HTTPSupport>
<SharedMemory>no</SharedMemory>
<Multicast>no</Multicast>
<MQTT>no</MQTT>
<AMQP>no</AMQP>
<JavaClients>yes</JavaClients>
<Queues>yes</Queues>
<DataStreams>no</DataStreams>
<Zones>yes</Zones>
<HorizontalScaling>yes</HorizontalScaling>
</Component>
<Component Id="LicenseInfo">
<PriceUnit>PCS</PriceUnit>
<PriceQuantity>4</PriceQuantity>
<TypeOfInstallation>Production</TypeOfInstallation>
<LicenseType>Standard License-Perpetual</LicenseType>
<ExtendedRights>TPD,SBD,OU0</ExtendedRights>
<LicenseVersion>1.2</LicenseVersion>
<Metering/>
</Component>
</SoftwareAG_License>