<?xml version="1.0" encoding="US-ASCII"?>
<SoftwareAG_License>
<Component Id="SalesInfo">
<SerialNumber>0000888300</SerialNumber>
<LicenseKey>BED7093AC9697F4124BBBE3CFB9C0104</LicenseKey>
<CustomerID>7522307</CustomerID>
<CustomerName>BANCOPPEL SA INSTITUCION DE BANCA MULTIPLE</CustomerName>
<ContractDetails>2094001</ContractDetails>
<ContractPosNumber>000210</ContractPosNumber>
<LicenseTypeDetails>External</LicenseTypeDetails>
<AutoCallHome/>
</Component>
<Component Id="ProductInfo">
<ExpirationDate>2025/12/30</ExpirationDate>
<OS>Linux</OS>
<ProductCode>WOKAA</ProductCode>
<ProductID/>
<ProductName>Business Rules - Add-ons</ProductName>
<ProductVersion>10.0</ProductVersion>
<Usage>Production</Usage>
<RenewalDate/>
<HigherLevPosNr>000010</HigherLevPosNr>
<HigherLevProdCode>WMPR3</HigherLevProdCode>
<HigherLevProdName>BPMS Processor Core Based Bundle</HigherLevProdName>
</Component>
<Component Id="RulesServer">
<ProductCode>WOKAA</ProductCode>
<ProductVersion>10.0</ProductVersion>
<Container>IS</Container>
</Component>
<Component Id="RulesFeatures">
<PublicAPI>yes</PublicAPI>
<ProcessActions>yes</ProcessActions>
<ServiceActions>yes</ServiceActions>
<CreateDataActions>yes</CreateDataActions>
<ExternalEventRules>yes</ExternalEventRules>
<SynchronousInvokeFromBPM>yes</SynchronousInvokeFromBPM>
<PredictiveAnalyticsActions>yes</PredictiveAnalyticsActions>
</Component>
<Component Id="RulesEdition">
<Edition>Full</Edition>
<AdditionalFeatures>yes</AdditionalFeatures>
</Component>
<Component Id="LicenseInfo">
<PriceUnit>PCS</PriceUnit>
<PriceQuantity>4</PriceQuantity>
<TypeOfInstallation>Production</TypeOfInstallation>
<LicenseType>Standard License-Perpetual</LicenseType>
<ExtendedRights>TPD,SBD,OU0</ExtendedRights>
<LicenseVersion>1.2</LicenseVersion>
<Metering/>
</Component>
</SoftwareAG_License>