<?xml version="1.0" encoding="US-ASCII"?>
<SoftwareAG_License>
<Component Id="SalesInfo">
<SerialNumber>0000888302</SerialNumber>
<LicenseKey>C2656FA9CF862B93C4FB514643F545C3</LicenseKey>
<CustomerID>7522307</CustomerID>
<CustomerName>BANCOPPEL SA INSTITUCION DE BANCA MULTIPLE</CustomerName>
<ContractDetails>2094001</ContractDetails>
<ContractPosNumber>001170</ContractPosNumber>
<LicenseTypeDetails>External</LicenseTypeDetails>
<AutoCallHome/>
</Component>
<Component Id="ProductInfo">
<ExpirationDate>2025/12/30</ExpirationDate>
<OS>Linux</OS>
<ProductCode>PIEOP</ProductCode>
<ProductID/>
<ProductName>Integration Server for Optimize</ProductName>
<ProductVersion>10.0</ProductVersion>
<Usage>Production</Usage>
<RenewalDate/>
<HigherLevPosNr>001150</HigherLevPosNr>
<HigherLevProdCode>WOPCO</HigherLevProdCode>
<HigherLevProdName>Optimize for Process - core based</HigherLevProdName>
</Component>
<Component Id="Integration Server">
<ProductCode>PIE</ProductCode>
<ProductVersion>10.0</ProductVersion>
<ConcurrentSessions>Unlimited</ConcurrentSessions>
<Clustering>yes</Clustering>
<PubSub>yes</PubSub>
<ART>yes</ART>
<RemoteInvoke>yes</RemoteInvoke>
<GuaranteedDelivery>yes</GuaranteedDelivery>
<SecurityAuditing>yes</SecurityAuditing>
<DistributedCache>yes</DistributedCache>
<EnterpriseGateway>yes</EnterpriseGateway>
<Microservices>no</Microservices>
<TxnTimer>3</TxnTimer>
</Component>
<Component Id="Trading Networks">
<ProductCode/>
<MaxPartners/>
</Component>
<Component Id="LicenseInfo">
<PriceUnit>PCS</PriceUnit>
<PriceQuantity>4</PriceQuantity>
<TypeOfInstallation>Production</TypeOfInstallation>
<LicenseType>Standard License-Perpetual</LicenseType>
<ExtendedRights>TPD,SBD,OU0</ExtendedRights>
<LicenseVersion>1.2</LicenseVersion>
<Metering/>
</Component>
</SoftwareAG_License>