<?xml version="1.0" encoding="UTF-8"?><Connections>
   <Connection>
        <packageName>Default</packageName>
        <connectionAlias> </connectionAlias>
        <connectionSettings>
               <databaseName> </databaseName>
               <datasourceClass> </datasourceClass>
               <networkProtocol> </networkProtocol>
               <otherProperties> </otherProperties>
               <password> </password>
               <portNumber> </portNumber>
               <serverName> </serverName>
               <transactionType> </transactionType>
               <user> </user>
        </connectionSettings>
        <connectionManagerSettings>
               <poolable>true</poolable>
               <minimumPoolSize>1</minimumPoolSize>
               <maximumPoolSize>10</maximumPoolSize>
               <poolIncrementSize>1</poolIncrementSize>
               <blockingTimeout>1000</blockingTimeout>
               <expireTimeout>1000</expireTimeout>
               <startupRetryCount>0</startupRetryCount>
               <startupBackoffSecs>10</startupBackoffSecs>
        </connectionManagerSettings>
   </Connection>
</Connections>