<?xml version="1.0" encoding="UTF-8"?>

<IDataXMLCoder version="1.0">
  <record javaclass="com.wm.data.ISMemDataImpl">
    <record name="ISACM" javaclass="com.wm.data.ISMemDataImpl">
      <value name="DeploymentSet">myDeploymentSet</value>
      <value name="sourceAlias">IS_Bancoppel</value>
      <value name="packageName">Default</value>
      <value name="nodeName">JDBCAdapters:BaseProducto</value>
      <record name="metadata" javaclass="com.wm.data.ISMemDataImpl">
        <value name="type">webMethods Adapter for JDBC Connection</value>
        <array name="connectionManagerProperties" type="record" depth="1">
          <record javaclass="com.wm.data.ISMemDataImpl">
            <value name="systemName">poolable</value>
            <value name="displayName">Enable Connection Pooling</value>
            <value name="description">If enabled, allows connections to be pooled</value>
            <value name="parameterType">Boolean</value>
            <null name="groupURL"/>
            <null name="groupName"/>
            <null name="tupleName"/>
            <null name="treeName"/>
            <null name="treeDelimiter"/>
            <null name="resourceDomain"/>
            <null name="treeView"/>
            <record name="properties" javaclass="com.wm.data.ISMemDataImpl">
              <jboolean name="isRequired">true</jboolean>
            </record>
            <value name="defaultValue">true</value>
            <value name="value">true</value>
          </record>
          <record javaclass="com.wm.data.ISMemDataImpl">
            <value name="systemName">minimumPoolSize</value>
            <value name="displayName">Minimum Pool Size</value>
            <value name="description">If pooling is enabled, the number of connections that should be pooled when started.</value>
            <value name="parameterType">Integer</value>
            <null name="groupURL"/>
            <null name="groupName"/>
            <null name="tupleName"/>
            <null name="treeName"/>
            <null name="treeDelimiter"/>
            <null name="resourceDomain"/>
            <null name="treeView"/>
            <null name="properties"/>
            <value name="defaultValue">1</value>
            <value name="value">1</value>
          </record>
          <record javaclass="com.wm.data.ISMemDataImpl">
            <value name="systemName">maximumPoolSize</value>
            <value name="displayName">Maximum Pool Size</value>
            <value name="description">If pooling is enabled, the maximum number of connections that can exist in the connection pool.</value>
            <value name="parameterType">Integer</value>
            <null name="groupURL"/>
            <null name="groupName"/>
            <null name="tupleName"/>
            <null name="treeName"/>
            <null name="treeDelimiter"/>
            <null name="resourceDomain"/>
            <null name="treeView"/>
            <null name="properties"/>
            <value name="defaultValue">10</value>
            <value name="value">10</value>
          </record>
          <record javaclass="com.wm.data.ISMemDataImpl">
            <value name="systemName">poolIncrementSize</value>
            <value name="displayName">Pool Increment Size</value>
            <value name="description">If pooling is enabled, the number connections by which the pool should be incremented in connections are needed, up to the maximum pool size.</value>
            <value name="parameterType">Integer</value>
            <null name="groupURL"/>
            <null name="groupName"/>
            <null name="tupleName"/>
            <null name="treeName"/>
            <null name="treeDelimiter"/>
            <null name="resourceDomain"/>
            <null name="treeView"/>
            <null name="properties"/>
            <value name="defaultValue">1</value>
            <value name="value">1</value>
          </record>
          <record javaclass="com.wm.data.ISMemDataImpl">
            <value name="systemName">blockingTimeout</value>
            <value name="displayName">Block Timeout (msec)</value>
            <value name="description">Duration to wait for connection to be allocated (in msec).</value>
            <value name="parameterType">Integer</value>
            <null name="groupURL"/>
            <null name="groupName"/>
            <null name="tupleName"/>
            <null name="treeName"/>
            <null name="treeDelimiter"/>
            <null name="resourceDomain"/>
            <null name="treeView"/>
            <null name="properties"/>
            <value name="defaultValue">1000</value>
            <value name="value">1000</value>
          </record>
          <record javaclass="com.wm.data.ISMemDataImpl">
            <value name="systemName">expireTimeout</value>
            <value name="displayName">Expire Timeout (msec)</value>
            <value name="description">Duration of connection inactivity before it is destroyed (in msec).</value>
            <value name="parameterType">Integer</value>
            <null name="groupURL"/>
            <null name="groupName"/>
            <null name="tupleName"/>
            <null name="treeName"/>
            <null name="treeDelimiter"/>
            <null name="resourceDomain"/>
            <null name="treeView"/>
            <null name="properties"/>
            <value name="defaultValue">1000</value>
            <value name="value">1000</value>
          </record>
          <record javaclass="com.wm.data.ISMemDataImpl">
            <value name="systemName">startupRetryCount</value>
            <value name="displayName">Startup Retry Count</value>
            <value name="description">Number of times to retry if failed during startup</value>
            <value name="parameterType">Integer</value>
            <null name="groupURL"/>
            <null name="groupName"/>
            <null name="tupleName"/>
            <null name="treeName"/>
            <null name="treeDelimiter"/>
            <null name="resourceDomain"/>
            <null name="treeView"/>
            <record name="properties" javaclass="com.wm.data.ISMemDataImpl">
              <jboolean name="isRequired">true</jboolean>
            </record>
            <value name="defaultValue">0</value>
            <value name="value">0</value>
          </record>
          <record javaclass="com.wm.data.ISMemDataImpl">
            <value name="systemName">startupBackoffSecs</value>
            <value name="displayName">Startup Backoff Timeout (sec)</value>
            <value name="description">Number of times to retry if failed during startup</value>
            <value name="parameterType">Integer</value>
            <null name="groupURL"/>
            <null name="groupName"/>
            <null name="tupleName"/>
            <null name="treeName"/>
            <null name="treeDelimiter"/>
            <null name="resourceDomain"/>
            <null name="treeView"/>
            <record name="properties" javaclass="com.wm.data.ISMemDataImpl">
              <jboolean name="isRequired">true</jboolean>
            </record>
            <value name="defaultValue">10</value>
            <value name="value">10</value>
          </record>
        </array>
        <array name="parameters" type="record" depth="1">
          <record javaclass="com.wm.data.ISMemDataImpl">
            <array name="resourceDomain" type="value" depth="1">
              <value>LOCAL_TRANSACTION</value>
              <value>XA_TRANSACTION</value>
              <value>NO_TRANSACTION</value>
            </array>
            <value name="value">LOCAL_TRANSACTION</value>
            <value name="parameterType">java.lang.String</value>
            <value name="description">The type of transaction.</value>
            <value name="displayName">Transaction Type</value>
            <value name="systemName">transactionType</value>
          </record>
          <record javaclass="com.wm.data.ISMemDataImpl">
            <value name="value">com.wm.dd.jdbcx.oracle.OracleDataSource</value>
            <value name="parameterType">java.lang.String</value>
            <value name="description">The Class name of the data source to support the selected transaction type.</value>
            <value name="displayName">DataSource Class</value>
            <value name="systemName">datasourceClass</value>
          </record>
          <record javaclass="com.wm.data.ISMemDataImpl">
            <value name="value">bcpl-rds-dev-oracle-ee-apolo-webmethods-db.c3h37lpao5vf.us-east-1.rds.amazonaws.com</value>
            <value name="parameterType">java.lang.String</value>
            <value name="description">The serverName property of the data source</value>
            <value name="displayName">Server Name</value>
            <value name="systemName">serverName</value>
          </record>
          <record javaclass="com.wm.data.ISMemDataImpl">
            <value name="value">WebMethods</value>
            <value name="parameterType">java.lang.String</value>
            <value name="description">The user property of the data source</value>
            <value name="displayName">User</value>
            <value name="systemName">user</value>
          </record>
          <record javaclass="com.wm.data.ISMemDataImpl">
            <jboolean name="isPassword">true</jboolean>
            <value name="value">password.JDBCAdapters:BaseProducto</value>
            <value name="parameterType">java.lang.String</value>
            <value name="description">The password property of the data source</value>
            <value name="displayName">Password</value>
            <value name="systemName">password</value>
          </record>
          <record javaclass="com.wm.data.ISMemDataImpl">
            <value name="value">ORCL</value>
            <value name="parameterType">java.lang.String</value>
            <value name="description">The databaseName property of the data source</value>
            <value name="displayName">Database Name</value>
            <value name="systemName">databaseName</value>
          </record>
          <record javaclass="com.wm.data.ISMemDataImpl">
            <value name="value">1521</value>
            <value name="parameterType">java.lang.String</value>
            <value name="description">The portNumber property of the data source</value>
            <value name="displayName">Port Number</value>
            <value name="systemName">portNumber</value>
          </record>
          <record javaclass="com.wm.data.ISMemDataImpl">
            <value name="value"></value>
            <value name="parameterType">java.lang.String</value>
            <value name="description">The networkProtocol property of the data source</value>
            <value name="displayName">Network Protocol</value>
            <value name="systemName">networkProtocol</value>
          </record>
          <record javaclass="com.wm.data.ISMemDataImpl">
            <value name="value"></value>
            <value name="parameterType">java.lang.String</value>
            <value name="description">Other properties required by the configured data source can be entered in the format like: property1=value1;property2=value2</value>
            <value name="displayName">Other Properties</value>
            <value name="systemName">otherProperties</value>
          </record>
        </array>
      </record>
    </record>
  </record>
</IDataXMLCoder>
