<?xml version="1.0" encoding="UTF-8"?>
<java version="17.0.12" class="java.beans.XMLDecoder">
 <object class="com.wm.deployer.project.Project" id="Project0">
  <void id="Integer0" property="batchSizeForRepo"/>
  <void property="bundles">
   <void method="add">
    <object class="com.wm.deployer.project.Bundle" id="Bundle0">
     <void property="allowedSourceServers">
      <void method="add">
       <string>IS_Bancoppel</string>
      </void>
     </void>
     <void property="dependencies">
      <void method="add">
       <object class="com.wm.deployer.project.is.ISDependency">
        <void property="component">
         <string>Anonymous</string>
        </void>
        <void property="componentType">
         <string>ACL</string>
        </void>
        <void property="containerName">
         <string>ACL</string>
        </void>
        <void property="serverIdentifier">
         <string>IS_Bancoppel</string>
        </void>
        <void property="status">
         <int>1</int>
        </void>
        <void property="version">
         <string>4.0</string>
        </void>
       </object>
      </void>
      <void method="add">
       <object class="com.wm.deployer.project.is.ISDependency">
        <void property="component">
         <string>Default</string>
        </void>
        <void property="componentType">
         <string>ACL</string>
        </void>
        <void property="containerName">
         <string>ACL</string>
        </void>
        <void property="serverIdentifier">
         <string>IS_Bancoppel</string>
        </void>
        <void property="status">
         <int>1</int>
        </void>
        <void property="version">
         <string>4.0</string>
        </void>
       </object>
      </void>
      <void method="add">
       <object class="com.wm.deployer.project.is.ISDependency">
        <void property="component">
         <string>Internal</string>
        </void>
        <void property="componentType">
         <string>ACL</string>
        </void>
        <void property="containerName">
         <string>ACL</string>
        </void>
        <void property="serverIdentifier">
         <string>IS_Bancoppel</string>
        </void>
        <void property="status">
         <object idref="Integer0"/>
        </void>
        <void property="version">
         <string>4.0</string>
        </void>
       </object>
      </void>
      <void method="add">
       <object class="com.wm.deployer.project.is.ISDependency">
        <void property="component">
         <string>CentralUsers</string>
        </void>
        <void property="componentType">
         <string>ACL</string>
        </void>
        <void property="containerName">
         <string>ACL</string>
        </void>
        <void property="serverIdentifier">
         <string>IS_Bancoppel</string>
        </void>
        <void property="status">
         <object idref="Integer0"/>
        </void>
        <void property="version">
         <string>4.0</string>
        </void>
       </object>
      </void>
     </void>
     <void property="description">
      <string></string>
     </void>
     <void property="fetchBy">
      <null/>
     </void>
     <void property="name">
      <string>myDeploymentSet</string>
     </void>
     <void property="otherRegExp">
      <string></string>
     </void>
     <void property="packageRegExp">
      <string></string>
     </void>
     <void property="project">
      <object idref="Project0"/>
     </void>
     <void property="sourceSystems">
      <void method="add">
       <object class="com.wm.deployer.project.is.ISSourceSystem" id="ISSourceSystem0">
        <void property="bundle">
         <object idref="Bundle0"/>
        </void>
        <void property="name">
         <string>IS_Bancoppel</string>
        </void>
        <void property="packages">
         <void method="add">
          <object class="com.wm.deployer.project.is.ISPackage" id="ISPackage0">
           <void property="activateOnInstall">
            <boolean>true</boolean>
           </void>
           <void property="archiveName">
            <string>BusinessDocument</string>
           </void>
           <void property="buildNumber">
            <string></string>
           </void>
           <void property="description">
            <string>ProjectRules_15102024_</string>
           </void>
           <void property="documents">
            <void method="add">
             <string>business:customerContactSessionProcedure</string>
            </void>
            <void method="add">
             <string>business:deviceAssignment</string>
            </void>
            <void method="add">
             <string>common:country</string>
            </void>
            <void method="add">
             <string>common:deviceProperty</string>
            </void>
            <void method="add">
             <string>common:issuedDeviceAllocation</string>
            </void>
            <void method="add">
             <string>common:location</string>
            </void>
            <void method="add">
             <string>common:processMonitoring</string>
            </void>
            <void method="add">
             <string>processes.PP01:OnboardingClient</string>
            </void>
            <void method="add">
             <string>processes.TEST1.doc:publishTestDoc</string>
            </void>
           </void>
           <void property="listOfFiles">
            <void method="add">
             <string>ns/business/customerContactSessionProcedure/node.ndf</string>
            </void>
            <void method="add">
             <string>manifest.v3</string>
            </void>
            <void method="add">
             <string>ns/business/deviceAssignment/node.ndf</string>
            </void>
            <void method="add">
             <string>ns/common/country/node.ndf</string>
            </void>
            <void method="add">
             <string>ns/common/deviceProperty/node.ndf</string>
            </void>
            <void method="add">
             <string>ns/common/issuedDeviceAllocation/node.ndf</string>
            </void>
            <void method="add">
             <string>ns/common/location/node.ndf</string>
            </void>
            <void method="add">
             <string>ns/common/processMonitoring/node.ndf</string>
            </void>
            <void method="add">
             <string>ns/processes/PP01/OnboardingClient/node.ndf</string>
            </void>
            <void method="add">
             <string>ns/processes/TEST1/doc/publishTestDoc/node.ndf</string>
            </void>
           </void>
           <void property="name">
            <string>BusinessDocument</string>
           </void>
           <void property="pkgVersion">
            <string>1.0</string>
           </void>
           <void property="previousPatchesIncluded">
            <string></string>
           </void>
           <void property="requiredISVersion">
            <string>10.15.0.0</string>
           </void>
           <void property="requiredJVMVersion">
            <string>11.0.21</string>
           </void>
           <void property="requiredTargetPackageVersion">
            <string>1.0</string>
           </void>
           <void property="sourceSystem">
            <object idref="ISSourceSystem0"/>
           </void>
           <void property="synchronizeDocuments">
            <boolean>true</boolean>
           </void>
           <void property="version">
            <string>4.0</string>
           </void>
          </object>
         </void>
         <void method="add">
          <object class="com.wm.deployer.project.is.ISPackage" id="ISPackage1">
           <void property="activateOnInstall">
            <boolean>true</boolean>
           </void>
           <void property="adapterServices">
            <void method="add">
             <string>PD_CFG_Administracion.adp:consultaSesiones</string>
            </void>
            <void method="add">
             <string>PD_CFG_Administracion.adp:consultaWMERROR</string>
            </void>
            <void method="add">
             <string>PD_CFG_Administracion.adp:consultaWMSERVICE</string>
            </void>
            <void method="add">
             <string>PD_CFG_Administracion.adp:consultaWMSESSION</string>
            </void>
           </void>
           <void property="archiveName">
            <string>PD_CFG_Administracion</string>
           </void>
           <void property="documents">
            <void method="add">
             <string>PD_CFG_Administracion.doc:consultaWNSESSIONschemaDT</string>
            </void>
           </void>
           <void property="flatFileDictionaries">
            <void method="add">
             <string>PD_CFG_Administracion.sch:consultaWMSESSIONdict</string>
            </void>
           </void>
           <void property="flatFileSchemas">
            <void method="add">
             <string>PD_CFG_Administracion.sch:consultaWNSESSIONschema</string>
            </void>
           </void>
           <void property="flowServices">
            <void method="add">
             <string>PD_CFG_Administracion.srv:consultaWMERROR</string>
            </void>
            <void method="add">
             <string>PD_CFG_Administracion.srv:consultaWMSERVICE</string>
            </void>
            <void method="add">
             <string>PD_CFG_Administracion.srv:consultaWMSESSION</string>
            </void>
            <void method="add">
             <string>PD_CFG_Administracion.util:getFile</string>
            </void>
            <void method="add">
             <string>PD_CFG_Administracion.util:sendFile</string>
            </void>
           </void>
           <void property="listOfFiles">
            <void method="add">
             <string>ns/PD_CFG_Administracion/adp/consultaSesiones/node.ndf</string>
            </void>
            <void method="add">
             <string>manifest.v3</string>
            </void>
            <void method="add">
             <string>ns/PD_CFG_Administracion/adp/consultaWMERROR/node.ndf</string>
            </void>
            <void method="add">
             <string>ns/PD_CFG_Administracion/adp/consultaWMSERVICE/node.ndf</string>
            </void>
            <void method="add">
             <string>ns/PD_CFG_Administracion/adp/consultaWMSESSION/node.ndf</string>
            </void>
            <void method="add">
             <string>ns/PD_CFG_Administracion/doc/consultaWNSESSIONschemaDT/node.ndf</string>
            </void>
            <void method="add">
             <string>ns/PD_CFG_Administracion/sch/consultaWMSESSIONdict/node.ndf</string>
            </void>
            <void method="add">
             <string>ns/PD_CFG_Administracion/sch/consultaWNSESSIONschema/node.ndf</string>
            </void>
            <void method="add">
             <string>ns/PD_CFG_Administracion/srv/consultaWMERROR/flow.xml</string>
            </void>
            <void method="add">
             <string>ns/PD_CFG_Administracion/srv/consultaWMERROR/node.ndf</string>
            </void>
            <void method="add">
             <string>ns/PD_CFG_Administracion/srv/consultaWMSERVICE/flow.xml</string>
            </void>
            <void method="add">
             <string>ns/PD_CFG_Administracion/srv/consultaWMSERVICE/node.ndf</string>
            </void>
            <void method="add">
             <string>ns/PD_CFG_Administracion/srv/consultaWMSESSION/flow.xml</string>
            </void>
            <void method="add">
             <string>ns/PD_CFG_Administracion/srv/consultaWMSESSION/node.ndf</string>
            </void>
            <void method="add">
             <string>ns/PD_CFG_Administracion/util/getFile/flow.xml</string>
            </void>
            <void method="add">
             <string>ns/PD_CFG_Administracion/util/getFile/node.ndf</string>
            </void>
            <void method="add">
             <string>ns/PD_CFG_Administracion/util/sendFile/flow.xml</string>
            </void>
            <void method="add">
             <string>ns/PD_CFG_Administracion/util/sendFile/node.ndf</string>
            </void>
           </void>
           <void property="name">
            <string>PD_CFG_Administracion</string>
           </void>
           <void property="pkgVersion">
            <string>1.0</string>
           </void>
           <void property="requiredISVersion">
            <string>10.15.0.0</string>
           </void>
           <void property="requiredJVMVersion">
            <string>17.0.12</string>
           </void>
           <void property="requiredTargetPackageVersion">
            <string>1.0</string>
           </void>
           <void property="sourceSystem">
            <object idref="ISSourceSystem0"/>
           </void>
           <void property="synchronizeDocuments">
            <boolean>true</boolean>
           </void>
           <void property="version">
            <string>4.0</string>
           </void>
          </object>
         </void>
         <void method="add">
          <object class="com.wm.deployer.project.is.ISPackage" id="ISPackage2">
           <void property="activateOnInstall">
            <boolean>true</boolean>
           </void>
           <void property="archiveName">
            <string>RulesDocument</string>
           </void>
           <void property="buildNumber">
            <string></string>
           </void>
           <void property="description">
            <string>ProjectRules_15102024_</string>
           </void>
           <void property="documents">
            <void method="add">
             <string>rules:rn01_ValidateLocation</string>
            </void>
            <void method="add">
             <string>rules:rn02_ValidateValidityTime</string>
            </void>
            <void method="add">
             <string>rules:rn03_ValidateAge</string>
            </void>
            <void method="add">
             <string>rules:rn04_decision36</string>
            </void>
            <void method="add">
             <string>rules:rn05_ValidateNationality</string>
            </void>
            <void method="add">
             <string>rules:rn06_validateScore</string>
            </void>
            <void method="add">
             <string>rules:rn07_validateCurrentReceipt</string>
            </void>
            <void method="add">
             <string>rules:rn08_validateFullAddress</string>
            </void>
            <void method="add">
             <string>rules:rn09_validateMaritalStatus</string>
            </void>
            <void method="add">
             <string>rules:rn10_validateCpAddress</string>
            </void>
            <void method="add">
             <string>rules:rn11_validateScoreLifeTest</string>
            </void>
            <void method="add">
             <string>rules:rn12_validateScoreMeeting</string>
            </void>
            <void method="add">
             <string>rules:rn13_validateRequestDate</string>
            </void>
            <void method="add">
             <string>rules:rn14_validateMarriedHomonymy</string>
            </void>
            <void method="add">
             <string>rules:rn15_validateEmailTime</string>
            </void>
            <void method="add">
             <string>rules:rn16_validateRejectedRequest</string>
            </void>
            <void method="add">
             <string>rules:rn18_consultParametricRule</string>
            </void>
            <void method="add">
             <string>rules:rn19_validateRequestQualifiedDate</string>
            </void>
            <void method="add">
             <string>rules:rn20_validateRequestPhase</string>
            </void>
            <void method="add">
             <string>rules:rn21_validateRequestQualifiedPhase</string>
            </void>
           </void>
           <void property="listOfFiles">
            <void method="add">
             <string>ns/rules/rn01_ValidateLocation/node.ndf</string>
            </void>
            <void method="add">
             <string>manifest.v3</string>
            </void>
            <void method="add">
             <string>ns/rules/rn02_ValidateValidityTime/node.ndf</string>
            </void>
            <void method="add">
             <string>ns/rules/rn03_ValidateAge/node.ndf</string>
            </void>
            <void method="add">
             <string>ns/rules/rn04_decision36/node.ndf</string>
            </void>
            <void method="add">
             <string>ns/rules/rn05_ValidateNationality/node.ndf</string>
            </void>
            <void method="add">
             <string>ns/rules/rn06_validateScore/node.ndf</string>
            </void>
            <void method="add">
             <string>ns/rules/rn07_validateCurrentReceipt/node.ndf</string>
            </void>
            <void method="add">
             <string>ns/rules/rn08_validateFullAddress/node.ndf</string>
            </void>
            <void method="add">
             <string>ns/rules/rn09_validateMaritalStatus/node.ndf</string>
            </void>
            <void method="add">
             <string>ns/rules/rn10_validateCpAddress/node.ndf</string>
            </void>
            <void method="add">
             <string>ns/rules/rn11_validateScoreLifeTest/node.ndf</string>
            </void>
            <void method="add">
             <string>ns/rules/rn12_validateScoreMeeting/node.ndf</string>
            </void>
            <void method="add">
             <string>ns/rules/rn13_validateRequestDate/node.ndf</string>
            </void>
            <void method="add">
             <string>ns/rules/rn14_validateMarriedHomonymy/node.ndf</string>
            </void>
            <void method="add">
             <string>ns/rules/rn15_validateEmailTime/node.ndf</string>
            </void>
            <void method="add">
             <string>ns/rules/rn16_validateRejectedRequest/node.ndf</string>
            </void>
            <void method="add">
             <string>ns/rules/rn18_consultParametricRule/node.ndf</string>
            </void>
            <void method="add">
             <string>ns/rules/rn19_validateRequestQualifiedDate/node.ndf</string>
            </void>
            <void method="add">
             <string>ns/rules/rn20_validateRequestPhase/node.ndf</string>
            </void>
            <void method="add">
             <string>ns/rules/rn21_validateRequestQualifiedPhase/node.ndf</string>
            </void>
           </void>
           <void property="name">
            <string>RulesDocument</string>
           </void>
           <void property="pkgVersion">
            <string>1.0</string>
           </void>
           <void property="previousPatchesIncluded">
            <string></string>
           </void>
           <void property="requiredISVersion">
            <string>10.15.0.0</string>
           </void>
           <void property="requiredJVMVersion">
            <string>11.0.21</string>
           </void>
           <void property="requiredTargetPackageVersion">
            <string>1.0</string>
           </void>
           <void property="sourceSystem">
            <object idref="ISSourceSystem0"/>
           </void>
           <void property="synchronizeDocuments">
            <boolean>true</boolean>
           </void>
           <void property="version">
            <string>4.0</string>
           </void>
          </object>
         </void>
         <void method="add">
          <object class="com.wm.deployer.project.is.ISPackage" id="ISPackage3">
           <void property="activateOnInstall">
            <boolean>true</boolean>
           </void>
           <void property="archiveName">
            <string>SRV_Bancoppel</string>
           </void>
           <void property="buildNumber">
            <string></string>
           </void>
           <void property="description">
            <string>ProjectRules_15102024_</string>
           </void>
           <void property="documents">
            <void method="add">
             <string>Rules_Bancoppel.api.restResource_.docTypes:restResource</string>
            </void>
            <void method="add">
             <string>Rules_Bancoppel.docs:docType_Monitoring</string>
            </void>
            <void method="add">
             <string>Rules_Bancoppel.docs:docType_RN_01</string>
            </void>
            <void method="add">
             <string>Rules_Bancoppel.docs:docType_RN_01_V2</string>
            </void>
            <void method="add">
             <string>Rules_Bancoppel.docs:docType_RN_02</string>
            </void>
            <void method="add">
             <string>Rules_Bancoppel.docs:docType_RN_03</string>
            </void>
            <void method="add">
             <string>Rules_Bancoppel.docs:docType_RN_04</string>
            </void>
            <void method="add">
             <string>Rules_Bancoppel.docs:docType_RN_05</string>
            </void>
            <void method="add">
             <string>Rules_Bancoppel.docs:docType_RN_06</string>
            </void>
            <void method="add">
             <string>Rules_Bancoppel.docs:docType_RN_07</string>
            </void>
            <void method="add">
             <string>Rules_Bancoppel.docs:docType_RN_08</string>
            </void>
            <void method="add">
             <string>Rules_Bancoppel.docs:docType_RN_09</string>
            </void>
            <void method="add">
             <string>Rules_Bancoppel.docs:docType_RN_10</string>
            </void>
            <void method="add">
             <string>Rules_Bancoppel.docs:docType_RN_11</string>
            </void>
            <void method="add">
             <string>Rules_Bancoppel.docs:docType_RN_12</string>
            </void>
            <void method="add">
             <string>Rules_Bancoppel.docs:docType_RN_13</string>
            </void>
            <void method="add">
             <string>Rules_Bancoppel.docs:docType_RN_14</string>
            </void>
            <void method="add">
             <string>Rules_Bancoppel.docs:docType_RN_15</string>
            </void>
            <void method="add">
             <string>Rules_Bancoppel.docs:docType_RN_16</string>
            </void>
            <void method="add">
             <string>Rules_Bancoppel.docs:docType_RN_18</string>
            </void>
            <void method="add">
             <string>Rules_Bancoppel.docs:docType_RN_19</string>
            </void>
            <void method="add">
             <string>Rules_Bancoppel.docs:docType_RN_20</string>
            </void>
            <void method="add">
             <string>Rules_Bancoppel.docs:docType_RN_21</string>
            </void>
            <void method="add">
             <string>SRV_Bancoppel.API.restResource_.docTypes:restResource</string>
            </void>
            <void method="add">
             <string>SRV_Bancoppel.WSD.API.resource_.docTypes:resource</string>
            </void>
            <void method="add">
             <string>SRV_Bancoppel.doc:docType_ContextoTransacccional</string>
            </void>
            <void method="add">
             <string>SRV_Bancoppel.doc:docType_Log</string>
            </void>
            <void method="add">
             <string>SRV_Bancoppel.doc:docType_SearchTaskByParamResponse</string>
            </void>
            <void method="add">
             <string>SRV_Bancoppel.doc:docType_TaskData</string>
            </void>
            <void method="add">
             <string>SRV_Bancoppel.doc:docType_UpdateTaskRequest</string>
            </void>
            <void method="add">
             <string>SRV_Bancoppel.doc:doc_Type_ResponseConsultarInstancia</string>
            </void>
            <void method="add">
             <string>SRV_Bancoppel.doc:doc_Type_ResponseInicioInstancia</string>
            </void>
            <void method="add">
             <string>SRV_Bancoppel.doc:logXML</string>
            </void>
           </void>
           <void property="flowServices">
            <void method="add">
             <string>Rules_Bancoppel.srv:RN01_ValidateLocation</string>
            </void>
            <void method="add">
             <string>Rules_Bancoppel.srv:RN02_ValidateValidityTime</string>
            </void>
            <void method="add">
             <string>Rules_Bancoppel.srv:RN03_ValidateAge</string>
            </void>
            <void method="add">
             <string>Rules_Bancoppel.srv:RN04_Decision36</string>
            </void>
            <void method="add">
             <string>Rules_Bancoppel.srv:RN05_ValidateNationality</string>
            </void>
            <void method="add">
             <string>Rules_Bancoppel.srv:RN06_ValidateScore</string>
            </void>
            <void method="add">
             <string>Rules_Bancoppel.srv:RN07_ValidateCurrentReceipt</string>
            </void>
            <void method="add">
             <string>Rules_Bancoppel.srv:RN08_ValidateFullAddress</string>
            </void>
            <void method="add">
             <string>Rules_Bancoppel.srv:RN09_ValidateMaritalStatus</string>
            </void>
            <void method="add">
             <string>Rules_Bancoppel.srv:RN10_ValidateCpAddress</string>
            </void>
            <void method="add">
             <string>Rules_Bancoppel.srv:RN11_ValidateScoreLifeTest</string>
            </void>
            <void method="add">
             <string>Rules_Bancoppel.srv:RN12_ValidateScoreMeeting</string>
            </void>
            <void method="add">
             <string>Rules_Bancoppel.srv:RN13_ValidateRequestDate</string>
            </void>
            <void method="add">
             <string>Rules_Bancoppel.srv:RN14_ValidateMarriedHomonymy</string>
            </void>
            <void method="add">
             <string>Rules_Bancoppel.srv:RN15_ValidateEmailTime</string>
            </void>
            <void method="add">
             <string>Rules_Bancoppel.srv:RN16_ValidateRejectedRequest</string>
            </void>
            <void method="add">
             <string>Rules_Bancoppel.srv:RN17_ValidateNotMarriedHomonymy</string>
            </void>
            <void method="add">
             <string>Rules_Bancoppel.srv:RN18_ConsultParametricRule</string>
            </void>
            <void method="add">
             <string>Rules_Bancoppel.srv:RN19_ValidateRequestQualifiedDate</string>
            </void>
            <void method="add">
             <string>Rules_Bancoppel.srv:RN20_ValidateRequestPhase</string>
            </void>
            <void method="add">
             <string>Rules_Bancoppel.srv:RN21_ValidateRequestQualifiedPhase</string>
            </void>
            <void method="add">
             <string>Rules_Bancoppel.util:logger</string>
            </void>
            <void method="add">
             <string>Rules_Bancoppel.util:reporteReglas</string>
            </void>
            <void method="add">
             <string>Rules_Bancoppel.util:rn01_util</string>
            </void>
            <void method="add">
             <string>SRV_Bancoppel.srv:completeTask</string>
            </void>
            <void method="add">
             <string>SRV_Bancoppel.srv:searchTaskByParam</string>
            </void>
            <void method="add">
             <string>SRV_Bancoppel.srv:startCustomerOnboarding</string>
            </void>
            <void method="add">
             <string>SRV_Bancoppel.srv:updateTask</string>
            </void>
            <void method="add">
             <string>SRV_Bancoppel.temp:getTask_temp</string>
            </void>
            <void method="add">
             <string>SRV_Bancoppel.temp:searchTaskByParam_old</string>
            </void>
            <void method="add">
             <string>SRV_Bancoppel.util:UT_Inicializar</string>
            </void>
            <void method="add">
             <string>SRV_Bancoppel.util:UT_InstanceByCustomID</string>
            </void>
            <void method="add">
             <string>SRV_Bancoppel.util:UT_UpdateInstance</string>
            </void>
            <void method="add">
             <string>Utils.logger:getLog</string>
            </void>
            <void method="add">
             <string>Utils.logger:logRules</string>
            </void>
            <void method="add">
             <string>Utils.logger:logService</string>
            </void>
           </void>
           <void property="javaServices">
            <void method="add">
             <string>Rules_Bancoppel.util:PointInPath</string>
            </void>
            <void method="add">
             <string>Rules_Bancoppel.util:StringDateToDate</string>
            </void>
            <void method="add">
             <string>Rules_Bancoppel.util:compareDates</string>
            </void>
            <void method="add">
             <string>Rules_Bancoppel.util:validateInput</string>
            </void>
            <void method="add">
             <string>SRV_Bancoppel.util:sleep</string>
            </void>
            <void method="add">
             <string>Utils.java:getFlowName</string>
            </void>
            <void method="add">
             <string>Utils.java:writeFileLogger</string>
            </void>
           </void>
           <void property="listOfFiles">
            <void method="add">
             <string>ns/SRV_Bancoppel/WSD/common/completeTask_wsd/node.ndf</string>
            </void>
            <void method="add">
             <string>ns/SRV_Bancoppel/WSD/common/searchTaskByParam_wsd/node.ndf</string>
            </void>
            <void method="add">
             <string>ns/SRV_Bancoppel/WSD/process/startCustomerOnboarding_wsd/node.ndf</string>
            </void>
            <void method="add">
             <string>ns/Rules_Bancoppel/api/restResource_/docTypes/restResource/node.ndf</string>
            </void>
            <void method="add">
             <string>manifest.v3</string>
            </void>
            <void method="add">
             <string>ns/Rules_Bancoppel/docs/docType_Monitoring/node.ndf</string>
            </void>
            <void method="add">
             <string>ns/Rules_Bancoppel/docs/docType_RN_01/node.ndf</string>
            </void>
            <void method="add">
             <string>ns/Rules_Bancoppel/docs/docType_RN_01_V2/node.ndf</string>
            </void>
            <void method="add">
             <string>ns/Rules_Bancoppel/docs/docType_RN_02/node.ndf</string>
            </void>
            <void method="add">
             <string>ns/Rules_Bancoppel/docs/docType_RN_03/node.ndf</string>
            </void>
            <void method="add">
             <string>ns/Rules_Bancoppel/docs/docType_RN_04/node.ndf</string>
            </void>
            <void method="add">
             <string>ns/Rules_Bancoppel/docs/docType_RN_05/node.ndf</string>
            </void>
            <void method="add">
             <string>ns/Rules_Bancoppel/docs/docType_RN_06/node.ndf</string>
            </void>
            <void method="add">
             <string>ns/Rules_Bancoppel/docs/docType_RN_07/node.ndf</string>
            </void>
            <void method="add">
             <string>ns/Rules_Bancoppel/docs/docType_RN_08/node.ndf</string>
            </void>
            <void method="add">
             <string>ns/Rules_Bancoppel/docs/docType_RN_09/node.ndf</string>
            </void>
            <void method="add">
             <string>ns/Rules_Bancoppel/docs/docType_RN_10/node.ndf</string>
            </void>
            <void method="add">
             <string>ns/Rules_Bancoppel/docs/docType_RN_11/node.ndf</string>
            </void>
            <void method="add">
             <string>ns/Rules_Bancoppel/docs/docType_RN_12/node.ndf</string>
            </void>
            <void method="add">
             <string>ns/Rules_Bancoppel/docs/docType_RN_13/node.ndf</string>
            </void>
            <void method="add">
             <string>ns/Rules_Bancoppel/docs/docType_RN_14/node.ndf</string>
            </void>
            <void method="add">
             <string>ns/Rules_Bancoppel/docs/docType_RN_15/node.ndf</string>
            </void>
            <void method="add">
             <string>ns/Rules_Bancoppel/docs/docType_RN_16/node.ndf</string>
            </void>
            <void method="add">
             <string>ns/Rules_Bancoppel/docs/docType_RN_18/node.ndf</string>
            </void>
            <void method="add">
             <string>ns/Rules_Bancoppel/docs/docType_RN_19/node.ndf</string>
            </void>
            <void method="add">
             <string>ns/Rules_Bancoppel/docs/docType_RN_20/node.ndf</string>
            </void>
            <void method="add">
             <string>ns/Rules_Bancoppel/docs/docType_RN_21/node.ndf</string>
            </void>
            <void method="add">
             <string>ns/Rules_Bancoppel/srv/RN01_ValidateLocation/flow.xml</string>
            </void>
            <void method="add">
             <string>ns/Rules_Bancoppel/srv/RN01_ValidateLocation/node.ndf</string>
            </void>
            <void method="add">
             <string>ns/Rules_Bancoppel/srv/RN02_ValidateValidityTime/flow.xml</string>
            </void>
            <void method="add">
             <string>ns/Rules_Bancoppel/srv/RN02_ValidateValidityTime/node.ndf</string>
            </void>
            <void method="add">
             <string>ns/Rules_Bancoppel/srv/RN03_ValidateAge/flow.xml</string>
            </void>
            <void method="add">
             <string>ns/Rules_Bancoppel/srv/RN03_ValidateAge/node.ndf</string>
            </void>
            <void method="add">
             <string>ns/Rules_Bancoppel/srv/RN04_Decision36/flow.xml</string>
            </void>
            <void method="add">
             <string>ns/Rules_Bancoppel/srv/RN04_Decision36/node.ndf</string>
            </void>
            <void method="add">
             <string>ns/Rules_Bancoppel/srv/RN05_ValidateNationality/flow.xml</string>
            </void>
            <void method="add">
             <string>ns/Rules_Bancoppel/srv/RN05_ValidateNationality/node.ndf</string>
            </void>
            <void method="add">
             <string>ns/Rules_Bancoppel/srv/RN06_ValidateScore/flow.xml</string>
            </void>
            <void method="add">
             <string>ns/Rules_Bancoppel/srv/RN06_ValidateScore/node.ndf</string>
            </void>
            <void method="add">
             <string>ns/Rules_Bancoppel/srv/RN07_ValidateCurrentReceipt/flow.xml</string>
            </void>
            <void method="add">
             <string>ns/Rules_Bancoppel/srv/RN07_ValidateCurrentReceipt/node.ndf</string>
            </void>
            <void method="add">
             <string>ns/Rules_Bancoppel/srv/RN08_ValidateFullAddress/flow.xml</string>
            </void>
            <void method="add">
             <string>ns/Rules_Bancoppel/srv/RN08_ValidateFullAddress/node.ndf</string>
            </void>
            <void method="add">
             <string>ns/Rules_Bancoppel/srv/RN09_ValidateMaritalStatus/flow.xml</string>
            </void>
            <void method="add">
             <string>ns/Rules_Bancoppel/srv/RN09_ValidateMaritalStatus/node.ndf</string>
            </void>
            <void method="add">
             <string>ns/Rules_Bancoppel/srv/RN10_ValidateCpAddress/flow.xml</string>
            </void>
            <void method="add">
             <string>ns/Rules_Bancoppel/srv/RN10_ValidateCpAddress/node.ndf</string>
            </void>
            <void method="add">
             <string>ns/Rules_Bancoppel/srv/RN11_ValidateScoreLifeTest/flow.xml</string>
            </void>
            <void method="add">
             <string>ns/Rules_Bancoppel/srv/RN11_ValidateScoreLifeTest/node.ndf</string>
            </void>
            <void method="add">
             <string>ns/Rules_Bancoppel/srv/RN12_ValidateScoreMeeting/flow.xml</string>
            </void>
            <void method="add">
             <string>ns/Rules_Bancoppel/srv/RN12_ValidateScoreMeeting/node.ndf</string>
            </void>
            <void method="add">
             <string>ns/Rules_Bancoppel/srv/RN13_ValidateRequestDate/flow.xml</string>
            </void>
            <void method="add">
             <string>ns/Rules_Bancoppel/srv/RN13_ValidateRequestDate/node.ndf</string>
            </void>
            <void method="add">
             <string>ns/Rules_Bancoppel/srv/RN14_ValidateMarriedHomonymy/flow.xml</string>
            </void>
            <void method="add">
             <string>ns/Rules_Bancoppel/srv/RN14_ValidateMarriedHomonymy/node.ndf</string>
            </void>
            <void method="add">
             <string>ns/Rules_Bancoppel/srv/RN15_ValidateEmailTime/flow.xml</string>
            </void>
            <void method="add">
             <string>ns/Rules_Bancoppel/srv/RN15_ValidateEmailTime/node.ndf</string>
            </void>
            <void method="add">
             <string>ns/Rules_Bancoppel/srv/RN16_ValidateRejectedRequest/flow.xml</string>
            </void>
            <void method="add">
             <string>ns/Rules_Bancoppel/srv/RN16_ValidateRejectedRequest/node.ndf</string>
            </void>
            <void method="add">
             <string>ns/Rules_Bancoppel/srv/RN17_ValidateNotMarriedHomonymy/flow.xml</string>
            </void>
            <void method="add">
             <string>ns/Rules_Bancoppel/srv/RN17_ValidateNotMarriedHomonymy/node.ndf</string>
            </void>
            <void method="add">
             <string>ns/Rules_Bancoppel/srv/RN18_ConsultParametricRule/flow.xml</string>
            </void>
            <void method="add">
             <string>ns/Rules_Bancoppel/srv/RN18_ConsultParametricRule/node.ndf</string>
            </void>
            <void method="add">
             <string>ns/Rules_Bancoppel/srv/RN19_ValidateRequestQualifiedDate/flow.xml</string>
            </void>
            <void method="add">
             <string>ns/Rules_Bancoppel/srv/RN19_ValidateRequestQualifiedDate/node.ndf</string>
            </void>
            <void method="add">
             <string>ns/Rules_Bancoppel/srv/RN20_ValidateRequestPhase/flow.xml</string>
            </void>
            <void method="add">
             <string>ns/Rules_Bancoppel/srv/RN20_ValidateRequestPhase/node.ndf</string>
            </void>
            <void method="add">
             <string>ns/Rules_Bancoppel/srv/RN21_ValidateRequestQualifiedPhase/flow.xml</string>
            </void>
            <void method="add">
             <string>ns/Rules_Bancoppel/srv/RN21_ValidateRequestQualifiedPhase/node.ndf</string>
            </void>
            <void method="add">
             <string>ns/Rules_Bancoppel/util/PointInPath/node.ndf</string>
            </void>
            <void method="add">
             <string>code/classes/Rules_Bancoppel/util.class</string>
            </void>
            <void method="add">
             <string>ns/Rules_Bancoppel/util/PointInPath/java.frag</string>
            </void>
            <void method="add">
             <string>code/source/Rules_Bancoppel/util.java</string>
            </void>
            <void method="add">
             <string>ns/Rules_Bancoppel/util/StringDateToDate/node.ndf</string>
            </void>
            <void method="add">
             <string>ns/Rules_Bancoppel/util/StringDateToDate/java.frag</string>
            </void>
            <void method="add">
             <string>ns/Rules_Bancoppel/util/compareDates/node.ndf</string>
            </void>
            <void method="add">
             <string>ns/Rules_Bancoppel/util/compareDates/java.frag</string>
            </void>
            <void method="add">
             <string>ns/Rules_Bancoppel/util/logger/flow.xml</string>
            </void>
            <void method="add">
             <string>ns/Rules_Bancoppel/util/logger/node.ndf</string>
            </void>
            <void method="add">
             <string>ns/Rules_Bancoppel/util/reporteReglas/flow.xml</string>
            </void>
            <void method="add">
             <string>ns/Rules_Bancoppel/util/reporteReglas/node.ndf</string>
            </void>
            <void method="add">
             <string>ns/Rules_Bancoppel/util/rn01_util/flow.xml</string>
            </void>
            <void method="add">
             <string>ns/Rules_Bancoppel/util/rn01_util/node.ndf</string>
            </void>
            <void method="add">
             <string>ns/Rules_Bancoppel/util/validateInput/node.ndf</string>
            </void>
            <void method="add">
             <string>ns/Rules_Bancoppel/util/validateInput/java.frag</string>
            </void>
            <void method="add">
             <string>ns/SRV_Bancoppel/API/restResource_/docTypes/restResource/node.ndf</string>
            </void>
            <void method="add">
             <string>ns/SRV_Bancoppel/WSD/API/resource_/docTypes/resource/node.ndf</string>
            </void>
            <void method="add">
             <string>ns/SRV_Bancoppel/doc/docType_ContextoTransacccional/node.ndf</string>
            </void>
            <void method="add">
             <string>ns/SRV_Bancoppel/doc/docType_Log/node.ndf</string>
            </void>
            <void method="add">
             <string>ns/SRV_Bancoppel/doc/docType_SearchTaskByParamResponse/node.ndf</string>
            </void>
            <void method="add">
             <string>ns/SRV_Bancoppel/doc/docType_TaskData/node.ndf</string>
            </void>
            <void method="add">
             <string>ns/SRV_Bancoppel/doc/docType_UpdateTaskRequest/node.ndf</string>
            </void>
            <void method="add">
             <string>ns/SRV_Bancoppel/doc/doc_Type_ResponseConsultarInstancia/node.ndf</string>
            </void>
            <void method="add">
             <string>ns/SRV_Bancoppel/doc/doc_Type_ResponseInicioInstancia/node.ndf</string>
            </void>
            <void method="add">
             <string>ns/SRV_Bancoppel/doc/logXML/node.ndf</string>
            </void>
            <void method="add">
             <string>ns/SRV_Bancoppel/srv/completeTask/flow.xml</string>
            </void>
            <void method="add">
             <string>ns/SRV_Bancoppel/srv/completeTask/node.ndf</string>
            </void>
            <void method="add">
             <string>ns/SRV_Bancoppel/srv/searchTaskByParam/flow.xml</string>
            </void>
            <void method="add">
             <string>ns/SRV_Bancoppel/srv/searchTaskByParam/node.ndf</string>
            </void>
            <void method="add">
             <string>ns/SRV_Bancoppel/srv/startCustomerOnboarding/flow.xml</string>
            </void>
            <void method="add">
             <string>ns/SRV_Bancoppel/srv/startCustomerOnboarding/node.ndf</string>
            </void>
            <void method="add">
             <string>ns/SRV_Bancoppel/srv/updateTask/flow.xml</string>
            </void>
            <void method="add">
             <string>ns/SRV_Bancoppel/srv/updateTask/node.ndf</string>
            </void>
            <void method="add">
             <string>ns/SRV_Bancoppel/temp/getTask_temp/flow.xml</string>
            </void>
            <void method="add">
             <string>ns/SRV_Bancoppel/temp/getTask_temp/node.ndf</string>
            </void>
            <void method="add">
             <string>ns/SRV_Bancoppel/temp/searchTaskByParam_old/flow.xml</string>
            </void>
            <void method="add">
             <string>ns/SRV_Bancoppel/temp/searchTaskByParam_old/node.ndf</string>
            </void>
            <void method="add">
             <string>ns/SRV_Bancoppel/util/UT_Inicializar/flow.xml</string>
            </void>
            <void method="add">
             <string>ns/SRV_Bancoppel/util/UT_Inicializar/node.ndf</string>
            </void>
            <void method="add">
             <string>ns/SRV_Bancoppel/util/UT_InstanceByCustomID/flow.xml</string>
            </void>
            <void method="add">
             <string>ns/SRV_Bancoppel/util/UT_InstanceByCustomID/node.ndf</string>
            </void>
            <void method="add">
             <string>ns/SRV_Bancoppel/util/UT_UpdateInstance/flow.xml</string>
            </void>
            <void method="add">
             <string>ns/SRV_Bancoppel/util/UT_UpdateInstance/node.ndf</string>
            </void>
            <void method="add">
             <string>ns/SRV_Bancoppel/util/sleep/node.ndf</string>
            </void>
            <void method="add">
             <string>code/classes/SRV_Bancoppel/util.class</string>
            </void>
            <void method="add">
             <string>ns/SRV_Bancoppel/util/sleep/java.frag</string>
            </void>
            <void method="add">
             <string>code/source/SRV_Bancoppel/util.java</string>
            </void>
            <void method="add">
             <string>ns/Utils/java/getFlowName/node.ndf</string>
            </void>
            <void method="add">
             <string>code/classes/Utils/java.class</string>
            </void>
            <void method="add">
             <string>ns/Utils/java/getFlowName/java.frag</string>
            </void>
            <void method="add">
             <string>code/source/Utils/java.java</string>
            </void>
            <void method="add">
             <string>ns/Utils/java/writeFileLogger/node.ndf</string>
            </void>
            <void method="add">
             <string>ns/Utils/java/writeFileLogger/java.frag</string>
            </void>
            <void method="add">
             <string>ns/Utils/logger/getLog/flow.xml</string>
            </void>
            <void method="add">
             <string>ns/Utils/logger/getLog/node.ndf</string>
            </void>
            <void method="add">
             <string>ns/Utils/logger/logRules/flow.xml</string>
            </void>
            <void method="add">
             <string>ns/Utils/logger/logRules/node.ndf</string>
            </void>
            <void method="add">
             <string>ns/Utils/logger/logService/flow.xml</string>
            </void>
            <void method="add">
             <string>ns/Utils/logger/logService/node.ndf</string>
            </void>
           </void>
           <void property="name">
            <string>SRV_Bancoppel</string>
           </void>
           <void property="pkgVersion">
            <string>1.0</string>
           </void>
           <void property="previousPatchesIncluded">
            <string></string>
           </void>
           <void property="requiredISVersion">
            <string>10.15.0.0</string>
           </void>
           <void property="requiredJVMVersion">
            <string>11.0.21</string>
           </void>
           <void property="requiredTargetPackageVersion">
            <string>1.0</string>
           </void>
           <void property="sourceSystem">
            <object idref="ISSourceSystem0"/>
           </void>
           <void property="synchronizeDocuments">
            <boolean>true</boolean>
           </void>
           <void property="version">
            <string>4.0</string>
           </void>
           <void property="webServiceDescriptors">
            <void method="add">
             <string>SRV_Bancoppel.WSD.common:completeTask_wsd</string>
            </void>
            <void method="add">
             <string>SRV_Bancoppel.WSD.common:searchTaskByParam_wsd</string>
            </void>
            <void method="add">
             <string>SRV_Bancoppel.WSD.process:startCustomerOnboarding_wsd</string>
            </void>
           </void>
          </object>
         </void>
         <void method="add">
          <object class="com.wm.deployer.project.is.ISPackage" id="ISPackage4">
           <void property="activateOnInstall">
            <boolean>true</boolean>
           </void>
           <void property="adapterConnections">
            <void method="add">
             <string>JDBCAdapters:BaseProducto</string>
            </void>
           </void>
           <void property="archiveName">
            <string>Default</string>
           </void>
           <void property="buildNumber">
            <string>674</string>
           </void>
           <void property="description">
            <string></string>
           </void>
           <void property="listOfFiles">
            <void method="add">
             <string>ns/JDBCAdapters/BaseProducto/node.ndf</string>
            </void>
           </void>
           <void property="name">
            <string>Default</string>
           </void>
           <void property="pkgVersion">
            <string>10.15.0.0.674</string>
           </void>
           <void property="previousPatchesIncluded">
            <string></string>
           </void>
           <void property="requiredISVersion">
            <string>10.15.0.0</string>
           </void>
           <void property="requiredJVMVersion">
            <string>11</string>
           </void>
           <void property="requiredTargetPackageVersion">
            <string>10.15.0.0.674</string>
           </void>
           <void property="sourceSystem">
            <object idref="ISSourceSystem0"/>
           </void>
           <void property="synchronizeDocuments">
            <boolean>true</boolean>
           </void>
           <void property="version">
            <string>4.0</string>
           </void>
          </object>
         </void>
        </void>
       </object>
      </void>
     </void>
     <void property="treeNodeCount">
      <string>1000</string>
     </void>
     <void property="version">
      <string>4.0</string>
     </void>
    </object>
   </void>
  </void>
  <void property="concurrentDeployment">
   <boolean>true</boolean>
  </void>
  <void property="deployTNRules">
   <string>MERGE</string>
  </void>
  <void property="description">
   <string></string>
  </void>
  <void property="disablePorts">
   <boolean>true</boolean>
  </void>
  <void property="disableServices">
   <boolean>true</boolean>
  </void>
  <void property="enforceAtDeployment">
   <boolean>false</boolean>
  </void>
  <void property="homePage">
   <object class="com.wm.deployer.project.HomePage">
    <void property="projectName">
     <string>Monitoreo_Pack</string>
    </void>
    <void property="version">
     <string>4.0</string>
    </void>
   </object>
  </void>
  <void property="name">
   <string>Monitoreo_Pack</string>
  </void>
  <void property="propertyMap">
   <void method="put">
    <string>ProcessModel</string>
    <object class="java.util.LinkedList">
     <void method="add">
      <object class="com.wm.deployer.project.plugin.PluginProperty">
       <void property="pluginName">
        <string>ProcessModel</string>
       </void>
       <void property="propertyName">
        <string>executionEnabled</string>
       </void>
       <void property="propertyType">
        <string>BOOLEAN</string>
       </void>
       <void property="propertyValue">
        <string>FALSE</string>
       </void>
      </object>
     </void>
     <void method="add">
      <object class="com.wm.deployer.project.plugin.PluginProperty">
       <void property="pluginName">
        <string>ProcessModel</string>
       </void>
       <void property="propertyName">
        <string>trackingEnabled</string>
       </void>
       <void property="propertyType">
        <string>BOOLEAN</string>
       </void>
       <void property="propertyValue">
        <string>FALSE</string>
       </void>
      </object>
     </void>
    </object>
   </void>
   <void method="put">
    <string>MWS</string>
    <object class="java.util.LinkedList">
     <void method="add">
      <object class="com.wm.deployer.project.plugin.PluginProperty">
       <void property="pluginName">
        <string>MWS</string>
       </void>
       <void property="propertyName">
        <string>subscriptions</string>
       </void>
       <void property="propertyType">
        <string>BOOLEAN</string>
       </void>
       <void property="propertyValue">
        <string>FALSE</string>
       </void>
      </object>
     </void>
     <void method="add">
      <object class="com.wm.deployer.project.plugin.PluginProperty">
       <void property="pluginName">
        <string>MWS</string>
       </void>
       <void property="propertyName">
        <string>access</string>
       </void>
       <void property="propertyType">
        <string>BOOLEAN</string>
       </void>
       <void property="propertyValue">
        <string>FALSE</string>
       </void>
      </object>
     </void>
     <void method="add">
      <object class="com.wm.deployer.project.plugin.PluginProperty">
       <void property="pluginName">
        <string>MWS</string>
       </void>
       <void property="propertyName">
        <string>versions</string>
       </void>
       <void property="propertyType">
        <string>BOOLEAN</string>
       </void>
       <void property="propertyValue">
        <string>FALSE</string>
       </void>
      </object>
     </void>
     <void method="add">
      <object class="com.wm.deployer.project.plugin.PluginProperty">
       <void property="pluginName">
        <string>MWS</string>
       </void>
       <void property="propertyName">
        <string>aliasprefix</string>
       </void>
       <void property="propertyType">
        <string>STRING</string>
       </void>
       <void property="propertyValue">
        <string>deployer.</string>
       </void>
      </object>
     </void>
     <void method="add">
      <object class="com.wm.deployer.project.plugin.PluginProperty">
       <void property="pluginName">
        <string>MWS</string>
       </void>
       <void property="propertyName">
        <string>principalattribs</string>
       </void>
       <void property="propertyType">
        <string>BOOLEAN</string>
       </void>
       <void property="propertyValue">
        <string>TRUE</string>
       </void>
      </object>
     </void>
     <void method="add">
      <object class="com.wm.deployer.project.plugin.PluginProperty">
       <void property="pluginName">
        <string>MWS</string>
       </void>
       <void property="propertyName">
        <string>autoalias</string>
       </void>
       <void property="propertyType">
        <string>BOOLEAN</string>
       </void>
       <void property="propertyValue">
        <string>TRUE</string>
       </void>
      </object>
     </void>
     <void method="add">
      <object class="com.wm.deployer.project.plugin.PluginProperty">
       <void property="pluginName">
        <string>MWS</string>
       </void>
       <void property="propertyName">
        <string>content</string>
       </void>
       <void property="propertyType">
        <string>BOOLEAN</string>
       </void>
       <void property="propertyValue">
        <string>FALSE</string>
       </void>
      </object>
     </void>
     <void method="add">
      <object class="com.wm.deployer.project.plugin.PluginProperty">
       <void property="pluginName">
        <string>MWS</string>
       </void>
       <void property="propertyName">
        <string>pageDepth</string>
       </void>
       <void property="propertyType">
        <string>STRING</string>
       </void>
       <void property="propertyValue">
        <string>1</string>
       </void>
      </object>
     </void>
    </object>
   </void>
   <void method="put">
    <string>Optimize</string>
    <object class="java.util.LinkedList">
     <void method="add">
      <object class="com.wm.deployer.project.plugin.PluginProperty">
       <void property="pluginName">
        <string>Optimize</string>
       </void>
       <void property="propertyName">
        <string>displayDDL</string>
       </void>
       <void property="propertyType">
        <string>BOOLEAN</string>
       </void>
       <void property="propertyValue">
        <string>FALSE</string>
       </void>
      </object>
     </void>
     <void method="add">
      <object class="com.wm.deployer.project.plugin.PluginProperty">
       <void property="pluginName">
        <string>Optimize</string>
       </void>
       <void property="propertyName">
        <string>incDimValues</string>
       </void>
       <void property="propertyType">
        <string>BOOLEAN</string>
       </void>
       <void property="propertyValue">
        <string>FALSE</string>
       </void>
      </object>
     </void>
    </object>
   </void>
  </void>
  <void property="stopAdapters">
   <boolean>true</boolean>
  </void>
  <void property="stopPorts">
   <boolean>false</boolean>
  </void>
  <void property="stopSelectedTriggers">
   <boolean>true</boolean>
  </void>
  <void property="stopServices">
   <boolean>false</boolean>
  </void>
  <void property="version">
   <string>4.0</string>
  </void>
 </object>
</java>
