<?xml version="1.0" encoding="US-ASCII"?>
<SoftwareAG_License>
<Component Id="SalesInfo">
<SerialNumber>0000888295</SerialNumber>
<LicenseKey>1A8AC924CB1C8BE4F05749AB36C02828</LicenseKey>
<CustomerID>7522307</CustomerID>
<CustomerName>BANCOPPEL SA INSTITUCION DE BANCA MULTIPLE</CustomerName>
<ContractDetails>2094001</ContractDetails>
<ContractPosNumber>000600</ContractPosNumber>
<LicenseTypeDetails>External</LicenseTypeDetails>
<AutoCallHome/>
</Component>
<Component Id="ProductInfo">
<ExpirationDate>2025/12/30</ExpirationDate>
<OS>Linux</OS>
<ProductCode>WOKAA</ProductCode>
<ProductID/>
<ProductName>Business Rules - Add-ons</ProductName>
<ProductVersion>10.0</ProductVersion>
<Usage>Production</Usage>
<RenewalDate/>
<HigherLevPosNr>000400</HigherLevPosNr>
<HigherLevProdCode>WMPR3</HigherLevProdCode>
<HigherLevProdName>BPMS Processor Core Based Bundle</HigherLevProdName>
</Component>
<Component Id="RulesServer">
<ProductCode>WOKAA</ProductCode>
<ProductVersion>10.0</ProductVersion>
<Container>IS</Container>
</Component>
<Component Id="RulesFeatures">
<PublicAPI>yes</PublicAPI>
<ProcessActions>yes</ProcessActions>
<ServiceActions>yes</ServiceActions>
<CreateDataActions>yes</CreateDataActions>
<ExternalEventRules>yes</ExternalEventRules>
<SynchronousInvokeFromBPM>yes</SynchronousInvokeFromBPM>
<PredictiveAnalyticsActions>yes</PredictiveAnalyticsActions>
</Component>
<Component Id="RulesEdition">
<Edition>Full</Edition>
<AdditionalFeatures>yes</AdditionalFeatures>
</Component>
<Component Id="LicenseInfo">
<PriceUnit>PCS</PriceUnit>
<PriceQuantity>4</PriceQuantity>
<TypeOfInstallation>Production</TypeOfInstallation>
<LicenseType>Hot Standby-Perpetual</LicenseType>
<ExtendedRights>TPD,SBD,OU0</ExtendedRights>
<LicenseVersion>1.2</LicenseVersion>
<Metering/>
</Component>
</SoftwareAG_License>